--------------------------------------------------------
-- Archivo creado  - jueves-mayo-09-2019   
--------------------------------------------------------
--------------------------------------------------------
--  DDL for Table TIEP_LOCALIZACION
--------------------------------------------------------

  CREATE TABLE "DBA_IEPNB_TRAG"."TIEP_LOCALIZACION" 
   (	"ID_IEP" VARCHAR2(20 CHAR), 
	"NM_LONGITUD" NUMBER(6,2), 
	"NM_LATITUD" NUMBER(6,2), 
	"NM_SUP" NUMBER(15,3), 
	"NM_POR_SUPT" NUMBER(3,0), 
	"NM_POR_SUPM" NUMBER(3,0), 
	"NM_SUPT_GIS" NUMBER(15,3), 
	"NM_SUPM_GIS" NUMBER(15,3), 
	"NM_ALTURA_MAX" NUMBER(4,0), 
	"NB_LOC_A_MAX" VARCHAR2(50 CHAR), 
	"NM_ALTURA_MIN" NUMBER(4,0), 
	"NB_LOC_A_MIN" VARCHAR2(50 CHAR), 
	"NM_SUP_M" NUMBER(15,3)
   ) SEGMENT CREATION IMMEDIATE 
  PCTFREE 10 PCTUSED 40 INITRANS 1 MAXTRANS 255 
 NOCOMPRESS LOGGING
  STORAGE(INITIAL 65536 NEXT 1048576 MINEXTENTS 1 MAXEXTENTS 2147483645
  PCTINCREASE 0 FREELISTS 1 FREELIST GROUPS 1
  BUFFER_POOL DEFAULT FLASH_CACHE DEFAULT CELL_FLASH_CACHE DEFAULT)
  TABLESPACE "DBA_IEPNB_T_80K_1" ;
--------------------------------------------------------
--  DDL for Table TIEP_LC_TIPOGOBIERNO
--------------------------------------------------------

  CREATE TABLE "DBA_IEPNB_TRAG"."TIEP_LC_TIPOGOBIERNO" 
   (	"ID_GOB_TYPE" NUMBER(2,0), 
	"NB_GOB_TYPE_ENG" VARCHAR2(100 CHAR), 
	"NB_GOB_TYPE_ESP" VARCHAR2(50 CHAR)
   ) SEGMENT CREATION IMMEDIATE 
  PCTFREE 10 PCTUSED 40 INITRANS 1 MAXTRANS 255 
 NOCOMPRESS LOGGING
  STORAGE(INITIAL 65536 NEXT 1048576 MINEXTENTS 1 MAXEXTENTS 2147483645
  PCTINCREASE 0 FREELISTS 1 FREELIST GROUPS 1
  BUFFER_POOL DEFAULT FLASH_CACHE DEFAULT CELL_FLASH_CACHE DEFAULT)
  TABLESPACE "DBA_IEPNB_T_80K_1" ;
--------------------------------------------------------
--  DDL for Table TIEP_LC_TIPOPROPIEDAD
--------------------------------------------------------

  CREATE TABLE "DBA_IEPNB_TRAG"."TIEP_LC_TIPOPROPIEDAD" 
   (	"ID_OWN_TYPE" NUMBER(2,0), 
	"NB_OWN_TYPE_ENG" VARCHAR2(100 CHAR), 
	"NB_OWN_TYPE_ESP" VARCHAR2(100 CHAR)
   ) SEGMENT CREATION IMMEDIATE 
  PCTFREE 10 PCTUSED 40 INITRANS 1 MAXTRANS 255 
 NOCOMPRESS LOGGING
  STORAGE(INITIAL 65536 NEXT 1048576 MINEXTENTS 1 MAXEXTENTS 2147483645
  PCTINCREASE 0 FREELISTS 1 FREELIST GROUPS 1
  BUFFER_POOL DEFAULT FLASH_CACHE DEFAULT CELL_FLASH_CACHE DEFAULT)
  TABLESPACE "DBA_IEPNB_T_80K_1" ;
--------------------------------------------------------
--  DDL for Table TIEP_LC_TIPOCAMBIO
--------------------------------------------------------

  CREATE TABLE "DBA_IEPNB_TRAG"."TIEP_LC_TIPOCAMBIO" 
   (	"ID_CAMBIO" NUMBER(3,0), 
	"CD_CAMBIO" VARCHAR2(1 CHAR), 
	"NB_CAMBIO" VARCHAR2(50 CHAR)
   ) SEGMENT CREATION IMMEDIATE 
  PCTFREE 10 PCTUSED 40 INITRANS 1 MAXTRANS 255 
 NOCOMPRESS LOGGING
  STORAGE(INITIAL 65536 NEXT 1048576 MINEXTENTS 1 MAXEXTENTS 2147483645
  PCTINCREASE 0 FREELISTS 1 FREELIST GROUPS 1
  BUFFER_POOL DEFAULT FLASH_CACHE DEFAULT CELL_FLASH_CACHE DEFAULT)
  TABLESPACE "DBA_IEPNB_T_80K_1" ;
--------------------------------------------------------
--  DDL for Table TIEP_LC_SUBGRUPO
--------------------------------------------------------

  CREATE TABLE "DBA_IEPNB_TRAG"."TIEP_LC_SUBGRUPO" 
   (	"ID_SUBGRUPO" NUMBER(3,0), 
	"CD_SUBGRUPO" VARCHAR2(10 CHAR), 
	"CD_SUBGRUPO_ENG" VARCHAR2(3 CHAR), 
	"NB_SUBGRUPO" VARCHAR2(200 CHAR), 
	"NB_SUBGRUPO_ENG" VARCHAR2(200 CHAR), 
	"ID_GRUPO" NUMBER(2,0), 
	"ID_CONTAINEDBY" NUMBER(5,0), 
	"DS_TIPO_DESIG" VARCHAR2(50 CHAR)
   ) SEGMENT CREATION IMMEDIATE 
  PCTFREE 10 PCTUSED 40 INITRANS 1 MAXTRANS 255 
 NOCOMPRESS LOGGING
  STORAGE(INITIAL 65536 NEXT 1048576 MINEXTENTS 1 MAXEXTENTS 2147483645
  PCTINCREASE 0 FREELISTS 1 FREELIST GROUPS 1
  BUFFER_POOL DEFAULT FLASH_CACHE DEFAULT CELL_FLASH_CACHE DEFAULT)
  TABLESPACE "DBA_IEPNB_T_80K_1" ;
--------------------------------------------------------
--  DDL for Table TIEP_LC_MOTIVACION
--------------------------------------------------------

  CREATE TABLE "DBA_IEPNB_TRAG"."TIEP_LC_MOTIVACION" 
   (	"ID_MOTIV" NUMBER(2,0), 
	"NB_MOTIV" VARCHAR2(100 CHAR)
   ) SEGMENT CREATION DEFERRED 
  PCTFREE 10 PCTUSED 40 INITRANS 1 MAXTRANS 255 
 NOCOMPRESS LOGGING
  TABLESPACE "DBA_IEPNB_T_80K_1" ;
--------------------------------------------------------
--  DDL for Table TIEP_LC_LUGARIMPACTO
--------------------------------------------------------

  CREATE TABLE "DBA_IEPNB_TRAG"."TIEP_LC_LUGARIMPACTO" 
   (	"ID_LUGAR_IMPACTO" NUMBER(1,0), 
	"NB_LUGAR_IMPACTO" VARCHAR2(50 CHAR)
   ) SEGMENT CREATION IMMEDIATE 
  PCTFREE 10 PCTUSED 40 INITRANS 1 MAXTRANS 255 
 NOCOMPRESS LOGGING
  STORAGE(INITIAL 65536 NEXT 1048576 MINEXTENTS 1 MAXEXTENTS 2147483645
  PCTINCREASE 0 FREELISTS 1 FREELIST GROUPS 1
  BUFFER_POOL DEFAULT FLASH_CACHE DEFAULT CELL_FLASH_CACHE DEFAULT)
  TABLESPACE "DBA_IEPNB_T_80K_1" ;
--------------------------------------------------------
--  DDL for Table TIEP_LC_INTENSIDADIMPACTO
--------------------------------------------------------

  CREATE TABLE "DBA_IEPNB_TRAG"."TIEP_LC_INTENSIDADIMPACTO" 
   (	"ID_INTENS_IMPACTO" NUMBER(1,0), 
	"NB_INTENS_IMPACTO" VARCHAR2(50 CHAR)
   ) SEGMENT CREATION IMMEDIATE 
  PCTFREE 10 PCTUSED 40 INITRANS 1 MAXTRANS 255 
 NOCOMPRESS LOGGING
  STORAGE(INITIAL 65536 NEXT 1048576 MINEXTENTS 1 MAXEXTENTS 2147483645
  PCTINCREASE 0 FREELISTS 1 FREELIST GROUPS 1
  BUFFER_POOL DEFAULT FLASH_CACHE DEFAULT CELL_FLASH_CACHE DEFAULT)
  TABLESPACE "DBA_IEPNB_T_80K_1" ;
--------------------------------------------------------
--  DDL for Table TIEP_LC_IMPORTANCIAIMPACTO
--------------------------------------------------------

  CREATE TABLE "DBA_IEPNB_TRAG"."TIEP_LC_IMPORTANCIAIMPACTO" 
   (	"ID_IMPORT_IMPACTO" NUMBER(1,0), 
	"NB_IMPORT_IMPACTO" VARCHAR2(75 CHAR)
   ) SEGMENT CREATION IMMEDIATE 
  PCTFREE 10 PCTUSED 40 INITRANS 1 MAXTRANS 255 
 NOCOMPRESS LOGGING
  STORAGE(INITIAL 65536 NEXT 1048576 MINEXTENTS 1 MAXEXTENTS 2147483645
  PCTINCREASE 0 FREELISTS 1 FREELIST GROUPS 1
  BUFFER_POOL DEFAULT FLASH_CACHE DEFAULT CELL_FLASH_CACHE DEFAULT)
  TABLESPACE "DBA_IEPNB_T_80K_1" ;
--------------------------------------------------------
--  DDL for Table TIEP_LC_GRUPO
--------------------------------------------------------

  CREATE TABLE "DBA_IEPNB_TRAG"."TIEP_LC_GRUPO" 
   (	"ID_GRUPO" NUMBER(2,0), 
	"CD_GRUPO" VARCHAR2(3 CHAR), 
	"NB_GRUPO" VARCHAR2(60 CHAR), 
	"CD_CATEGORY" VARCHAR2(1 CHAR)
   ) SEGMENT CREATION IMMEDIATE 
  PCTFREE 10 PCTUSED 40 INITRANS 1 MAXTRANS 255 
 NOCOMPRESS LOGGING
  STORAGE(INITIAL 65536 NEXT 1048576 MINEXTENTS 1 MAXEXTENTS 2147483645
  PCTINCREASE 0 FREELISTS 1 FREELIST GROUPS 1
  BUFFER_POOL DEFAULT FLASH_CACHE DEFAULT CELL_FLASH_CACHE DEFAULT)
  TABLESPACE "DBA_IEPNB_T_80K_1" ;
--------------------------------------------------------
--  DDL for Table TIEP_LC_DESIGNACION
--------------------------------------------------------

  CREATE TABLE "DBA_IEPNB_TRAG"."TIEP_LC_DESIGNACION" 
   (	"CD_DESIG" VARCHAR2(4 CHAR), 
	"NB_DESIG" VARCHAR2(60 CHAR), 
	"NB_DESIG_ENG" VARCHAR2(60 CHAR), 
	"ID_GRUPO" NUMBER(2,0), 
	"ID_SUBGRUPO" NUMBER(3,0), 
	"ID_CLASIF_ENP" NUMBER(5,0)
   ) SEGMENT CREATION IMMEDIATE 
  PCTFREE 10 PCTUSED 40 INITRANS 1 MAXTRANS 255 
 NOCOMPRESS LOGGING
  STORAGE(INITIAL 65536 NEXT 1048576 MINEXTENTS 1 MAXEXTENTS 2147483645
  PCTINCREASE 0 FREELISTS 1 FREELIST GROUPS 1
  BUFFER_POOL DEFAULT FLASH_CACHE DEFAULT CELL_FLASH_CACHE DEFAULT)
  TABLESPACE "DBA_IEPNB_T_80K_1" ;
--------------------------------------------------------
--  DDL for Table TIEP_LC_DECLARINTERNACIONAL
--------------------------------------------------------

  CREATE TABLE "DBA_IEPNB_TRAG"."TIEP_LC_DECLARINTERNACIONAL" 
   (	"ID_DECLAR_INTERNAL" NUMBER(2,0), 
	"NB_DECLAR_INTERNAL" VARCHAR2(100 CHAR), 
	"DR_DECLAR_INTERNAL" VARCHAR2(1000 CHAR)
   ) SEGMENT CREATION DEFERRED 
  PCTFREE 10 PCTUSED 40 INITRANS 1 MAXTRANS 255 
 NOCOMPRESS LOGGING
  TABLESPACE "DBA_IEPNB_T_80K_1" ;
--------------------------------------------------------
--  DDL for Table TIEP_LC_CLASIFENP
--------------------------------------------------------

  CREATE TABLE "DBA_IEPNB_TRAG"."TIEP_LC_CLASIFENP" 
   (	"ID_CLASIF_ENP" NUMBER(5,0), 
	"NB_CLASIF_ENP" VARCHAR2(50 CHAR)
   ) SEGMENT CREATION IMMEDIATE 
  PCTFREE 10 PCTUSED 40 INITRANS 1 MAXTRANS 255 
 NOCOMPRESS LOGGING
  STORAGE(INITIAL 65536 NEXT 1048576 MINEXTENTS 1 MAXEXTENTS 2147483645
  PCTINCREASE 0 FREELISTS 1 FREELIST GROUPS 1
  BUFFER_POOL DEFAULT FLASH_CACHE DEFAULT CELL_FLASH_CACHE DEFAULT)
  TABLESPACE "DBA_IEPNB_T_80K_1" ;
REM INSERTING into DBA_IEPNB_TRAG.TIEP_LOCALIZACION
SET DEFINE OFF;
Insert into DBA_IEPNB_TRAG.TIEP_LOCALIZACION (ID_IEP,NM_LONGITUD,NM_LATITUD,NM_SUP,NM_POR_SUPT,NM_POR_SUPM,NM_SUPT_GIS,NM_SUPM_GIS,NM_ALTURA_MAX,NB_LOC_A_MAX,NM_ALTURA_MIN,NB_LOC_A_MIN,NM_SUP_M) values ('893_CDDA','33','44','100','70','30','71','31','1500','ALTO ,AX','1100','BAJO','11425');
REM INSERTING into DBA_IEPNB_TRAG.TIEP_LC_TIPOGOBIERNO
SET DEFINE OFF;
Insert into DBA_IEPNB_TRAG.TIEP_LC_TIPOGOBIERNO (ID_GOB_TYPE,NB_GOB_TYPE_ENG,NB_GOB_TYPE_ESP) values ('1','Federal or National Ministry or Agency','Ministerio Federal o nacional o agencia');
Insert into DBA_IEPNB_TRAG.TIEP_LC_TIPOGOBIERNO (ID_GOB_TYPE,NB_GOB_TYPE_ENG,NB_GOB_TYPE_ESP) values ('2','Subational Ministry or Agency','Agencia o ministerio subnacional');
Insert into DBA_IEPNB_TRAG.TIEP_LC_TIPOGOBIERNO (ID_GOB_TYPE,NB_GOB_TYPE_ENG,NB_GOB_TYPE_ESP) values ('9','Not Reported','Not Reported');
Insert into DBA_IEPNB_TRAG.TIEP_LC_TIPOGOBIERNO (ID_GOB_TYPE,NB_GOB_TYPE_ENG,NB_GOB_TYPE_ESP) values ('90','Not Applicable','Not Applicable');
REM INSERTING into DBA_IEPNB_TRAG.TIEP_LC_TIPOPROPIEDAD
SET DEFINE OFF;
Insert into DBA_IEPNB_TRAG.TIEP_LC_TIPOPROPIEDAD (ID_OWN_TYPE,NB_OWN_TYPE_ENG,NB_OWN_TYPE_ESP) values ('3','Local/Municipal','Local');
Insert into DBA_IEPNB_TRAG.TIEP_LC_TIPOPROPIEDAD (ID_OWN_TYPE,NB_OWN_TYPE_ENG,NB_OWN_TYPE_ESP) values ('1','National/Federal','Estado');
Insert into DBA_IEPNB_TRAG.TIEP_LC_TIPOPROPIEDAD (ID_OWN_TYPE,NB_OWN_TYPE_ENG,NB_OWN_TYPE_ESP) values ('2','State/Province','CCAA o Provincia');
Insert into DBA_IEPNB_TRAG.TIEP_LC_TIPOPROPIEDAD (ID_OWN_TYPE,NB_OWN_TYPE_ENG,NB_OWN_TYPE_ESP) values ('4','Any public','Cualquier público');
Insert into DBA_IEPNB_TRAG.TIEP_LC_TIPOPROPIEDAD (ID_OWN_TYPE,NB_OWN_TYPE_ENG,NB_OWN_TYPE_ESP) values ('5','Joint or Co-Ownership','Comunal');
Insert into DBA_IEPNB_TRAG.TIEP_LC_TIPOPROPIEDAD (ID_OWN_TYPE,NB_OWN_TYPE_ENG,NB_OWN_TYPE_ESP) values ('6','Private','Privado');
Insert into DBA_IEPNB_TRAG.TIEP_LC_TIPOPROPIEDAD (ID_OWN_TYPE,NB_OWN_TYPE_ENG,NB_OWN_TYPE_ESP) values ('7','Unknown','Desconocido');
Insert into DBA_IEPNB_TRAG.TIEP_LC_TIPOPROPIEDAD (ID_OWN_TYPE,NB_OWN_TYPE_ENG,NB_OWN_TYPE_ESP) values ('9','Not Applicable','No aplica');
REM INSERTING into DBA_IEPNB_TRAG.TIEP_LC_TIPOCAMBIO
SET DEFINE OFF;
Insert into DBA_IEPNB_TRAG.TIEP_LC_TIPOCAMBIO (ID_CAMBIO,CD_CAMBIO,NB_CAMBIO) values ('100','A','Nuevo registro');
Insert into DBA_IEPNB_TRAG.TIEP_LC_TIPOCAMBIO (ID_CAMBIO,CD_CAMBIO,NB_CAMBIO) values ('200','U','Actualización');
Insert into DBA_IEPNB_TRAG.TIEP_LC_TIPOCAMBIO (ID_CAMBIO,CD_CAMBIO,NB_CAMBIO) values ('210','U','Actualización de límites');
Insert into DBA_IEPNB_TRAG.TIEP_LC_TIPOCAMBIO (ID_CAMBIO,CD_CAMBIO,NB_CAMBIO) values ('220','U','Actualización de campos');
Insert into DBA_IEPNB_TRAG.TIEP_LC_TIPOCAMBIO (ID_CAMBIO,CD_CAMBIO,NB_CAMBIO) values ('300','C','Corrección');
Insert into DBA_IEPNB_TRAG.TIEP_LC_TIPOCAMBIO (ID_CAMBIO,CD_CAMBIO,NB_CAMBIO) values ('310','C','Corrección de límites');
Insert into DBA_IEPNB_TRAG.TIEP_LC_TIPOCAMBIO (ID_CAMBIO,CD_CAMBIO,NB_CAMBIO) values ('320','C','Corrección de campos');
Insert into DBA_IEPNB_TRAG.TIEP_LC_TIPOCAMBIO (ID_CAMBIO,CD_CAMBIO,NB_CAMBIO) values ('900','U','Desclasificación del espacio');
REM INSERTING into DBA_IEPNB_TRAG.TIEP_LC_SUBGRUPO
SET DEFINE OFF;
Insert into DBA_IEPNB_TRAG.TIEP_LC_SUBGRUPO (ID_SUBGRUPO,CD_SUBGRUPO,CD_SUBGRUPO_ENG,NB_SUBGRUPO,NB_SUBGRUPO_ENG,ID_GRUPO,ID_CONTAINEDBY,DS_TIPO_DESIG) values ('4','LIC','SCI','Lugares de Importancia Comunitaria','Site of Community Importance (Habitats Directive)','2','10902','Regional');
Insert into DBA_IEPNB_TRAG.TIEP_LC_SUBGRUPO (ID_SUBGRUPO,CD_SUBGRUPO,CD_SUBGRUPO_ENG,NB_SUBGRUPO,NB_SUBGRUPO_ENG,ID_GRUPO,ID_CONTAINEDBY,DS_TIPO_DESIG) values ('6','ZEC','SAC','Zonas de Especial Conservacion (Directiva Habitat)','Special Areas of Conservation','2','10902','Regional');
Insert into DBA_IEPNB_TRAG.TIEP_LC_SUBGRUPO (ID_SUBGRUPO,CD_SUBGRUPO,CD_SUBGRUPO_ENG,NB_SUBGRUPO,NB_SUBGRUPO_ENG,ID_GRUPO,ID_CONTAINEDBY,DS_TIPO_DESIG) values ('7','MAB',null,'Reservas de la Biosfera','Biosphere Reserve','3','10903','Internacional');
Insert into DBA_IEPNB_TRAG.TIEP_LC_SUBGRUPO (ID_SUBGRUPO,CD_SUBGRUPO,CD_SUBGRUPO_ENG,NB_SUBGRUPO,NB_SUBGRUPO_ENG,ID_GRUPO,ID_CONTAINEDBY,DS_TIPO_DESIG) values ('1','ENP',null,'Espacios Naturales Protegidos',null,'1','10901','Nacional');
Insert into DBA_IEPNB_TRAG.TIEP_LC_SUBGRUPO (ID_SUBGRUPO,CD_SUBGRUPO,CD_SUBGRUPO_ENG,NB_SUBGRUPO,NB_SUBGRUPO_ENG,ID_GRUPO,ID_CONTAINEDBY,DS_TIPO_DESIG) values ('5','ZEPA','SPA','Zonas de Especial Proteccion para las Aves (Directiva Aves)','Special Protection Area (Birds Directive)','2','10902','Regional');
Insert into DBA_IEPNB_TRAG.TIEP_LC_SUBGRUPO (ID_SUBGRUPO,CD_SUBGRUPO,CD_SUBGRUPO_ENG,NB_SUBGRUPO,NB_SUBGRUPO_ENG,ID_GRUPO,ID_CONTAINEDBY,DS_TIPO_DESIG) values ('11','GEOP',null,'Geoparques',null,'3',null,'Internacional');
Insert into DBA_IEPNB_TRAG.TIEP_LC_SUBGRUPO (ID_SUBGRUPO,CD_SUBGRUPO,CD_SUBGRUPO_ENG,NB_SUBGRUPO,NB_SUBGRUPO_ENG,ID_GRUPO,ID_CONTAINEDBY,DS_TIPO_DESIG) values ('12','BIOG',null,'Reservas biogenéticas',null,'3',null,'Internacional');
Insert into DBA_IEPNB_TRAG.TIEP_LC_SUBGRUPO (ID_SUBGRUPO,CD_SUBGRUPO,CD_SUBGRUPO_ENG,NB_SUBGRUPO,NB_SUBGRUPO_ENG,ID_GRUPO,ID_CONTAINEDBY,DS_TIPO_DESIG) values ('8','RAMSAR',null,'Humedal de Importancia Internacional (Convenio de Ramsar)','Ramsar Site, Wetland of International Importance','3','10904','Internacional');
Insert into DBA_IEPNB_TRAG.TIEP_LC_SUBGRUPO (ID_SUBGRUPO,CD_SUBGRUPO,CD_SUBGRUPO_ENG,NB_SUBGRUPO,NB_SUBGRUPO_ENG,ID_GRUPO,ID_CONTAINEDBY,DS_TIPO_DESIG) values ('9','ZEPIM',null,'Zona Especialmente Protegida de Importancia para el Mediterraneo','Specially Protected Area of Mediterranean Importance (Barcelona Convention)','3','10905','Internacional');
Insert into DBA_IEPNB_TRAG.TIEP_LC_SUBGRUPO (ID_SUBGRUPO,CD_SUBGRUPO,CD_SUBGRUPO_ENG,NB_SUBGRUPO,NB_SUBGRUPO_ENG,ID_GRUPO,ID_CONTAINEDBY,DS_TIPO_DESIG) values ('10','OSPAR',null,'Area Marina Protegida (OSPAR)','Marine Protected Area (OSPAR)','3','10906','Internacional');
Insert into DBA_IEPNB_TRAG.TIEP_LC_SUBGRUPO (ID_SUBGRUPO,CD_SUBGRUPO,CD_SUBGRUPO_ENG,NB_SUBGRUPO,NB_SUBGRUPO_ENG,ID_GRUPO,ID_CONTAINEDBY,DS_TIPO_DESIG) values ('13','UNESCO',null,'Sitio Natural de la Lista de Patrimonio Mundial','World Heritage Site','3','10907','Internacional');
REM INSERTING into DBA_IEPNB_TRAG.TIEP_LC_MOTIVACION
SET DEFINE OFF;
REM INSERTING into DBA_IEPNB_TRAG.TIEP_LC_LUGARIMPACTO
SET DEFINE OFF;
Insert into DBA_IEPNB_TRAG.TIEP_LC_LUGARIMPACTO (ID_LUGAR_IMPACTO,NB_LUGAR_IMPACTO) values ('1','Dentro del espacio');
Insert into DBA_IEPNB_TRAG.TIEP_LC_LUGARIMPACTO (ID_LUGAR_IMPACTO,NB_LUGAR_IMPACTO) values ('4','Sin determinar');
Insert into DBA_IEPNB_TRAG.TIEP_LC_LUGARIMPACTO (ID_LUGAR_IMPACTO,NB_LUGAR_IMPACTO) values ('2','Fuera del espacio');
Insert into DBA_IEPNB_TRAG.TIEP_LC_LUGARIMPACTO (ID_LUGAR_IMPACTO,NB_LUGAR_IMPACTO) values ('3','Tanto dentro como fuera del espacio');
REM INSERTING into DBA_IEPNB_TRAG.TIEP_LC_INTENSIDADIMPACTO
SET DEFINE OFF;
Insert into DBA_IEPNB_TRAG.TIEP_LC_INTENSIDADIMPACTO (ID_INTENS_IMPACTO,NB_INTENS_IMPACTO) values ('1','Muy baja');
Insert into DBA_IEPNB_TRAG.TIEP_LC_INTENSIDADIMPACTO (ID_INTENS_IMPACTO,NB_INTENS_IMPACTO) values ('2','Baja');
Insert into DBA_IEPNB_TRAG.TIEP_LC_INTENSIDADIMPACTO (ID_INTENS_IMPACTO,NB_INTENS_IMPACTO) values ('3','Media');
Insert into DBA_IEPNB_TRAG.TIEP_LC_INTENSIDADIMPACTO (ID_INTENS_IMPACTO,NB_INTENS_IMPACTO) values ('4','Alta');
Insert into DBA_IEPNB_TRAG.TIEP_LC_INTENSIDADIMPACTO (ID_INTENS_IMPACTO,NB_INTENS_IMPACTO) values ('5','Muy alta');
REM INSERTING into DBA_IEPNB_TRAG.TIEP_LC_IMPORTANCIAIMPACTO
SET DEFINE OFF;
Insert into DBA_IEPNB_TRAG.TIEP_LC_IMPORTANCIAIMPACTO (ID_IMPORT_IMPACTO,NB_IMPORT_IMPACTO) values ('1','Alta importancia/impacto alto');
Insert into DBA_IEPNB_TRAG.TIEP_LC_IMPORTANCIAIMPACTO (ID_IMPORT_IMPACTO,NB_IMPORT_IMPACTO) values ('2','Importancia media/impacto medio');
Insert into DBA_IEPNB_TRAG.TIEP_LC_IMPORTANCIAIMPACTO (ID_IMPORT_IMPACTO,NB_IMPORT_IMPACTO) values ('3','Importancia baja/impacto bajo');
Insert into DBA_IEPNB_TRAG.TIEP_LC_IMPORTANCIAIMPACTO (ID_IMPORT_IMPACTO,NB_IMPORT_IMPACTO) values ('4','Sin impacto');
REM INSERTING into DBA_IEPNB_TRAG.TIEP_LC_GRUPO
SET DEFINE OFF;
Insert into DBA_IEPNB_TRAG.TIEP_LC_GRUPO (ID_GRUPO,CD_GRUPO,NB_GRUPO,CD_CATEGORY) values ('2','ERN','ESPACIOS PROTEGIDOS RED NATURA 2000','R');
Insert into DBA_IEPNB_TRAG.TIEP_LC_GRUPO (ID_GRUPO,CD_GRUPO,NB_GRUPO,CD_CATEGORY) values ('3','API','AREAS PROTEGIDAS POR INSTRUMENTOS INTERNACIONALES','I');
Insert into DBA_IEPNB_TRAG.TIEP_LC_GRUPO (ID_GRUPO,CD_GRUPO,NB_GRUPO,CD_CATEGORY) values ('1','ENP','ESPACIOS NATURALES PROTEGIDOS','N');
REM INSERTING into DBA_IEPNB_TRAG.TIEP_LC_DESIGNACION
SET DEFINE OFF;
Insert into DBA_IEPNB_TRAG.TIEP_LC_DESIGNACION (CD_DESIG,NB_DESIG,NB_DESIG_ENG,ID_GRUPO,ID_SUBGRUPO,ID_CLASIF_ENP) values ('ES01','Reserva Natural Especial','Nature Reserve (Special )','1','1','2');
Insert into DBA_IEPNB_TRAG.TIEP_LC_DESIGNACION (CD_DESIG,NB_DESIG,NB_DESIG_ENG,ID_GRUPO,ID_SUBGRUPO,ID_CLASIF_ENP) values ('ES02','Reserva Integral','Integral Reserve','1','1','2');
Insert into DBA_IEPNB_TRAG.TIEP_LC_DESIGNACION (CD_DESIG,NB_DESIG,NB_DESIG_ENG,ID_GRUPO,ID_SUBGRUPO,ID_CLASIF_ENP) values ('ES03','Área Marina Protegida','Marine Protected Area','1','1','3');
Insert into DBA_IEPNB_TRAG.TIEP_LC_DESIGNACION (CD_DESIG,NB_DESIG,NB_DESIG_ENG,ID_GRUPO,ID_SUBGRUPO,ID_CLASIF_ENP) values ('ES04','Reserva Natural','Nature Reserve','1','1','2');
Insert into DBA_IEPNB_TRAG.TIEP_LC_DESIGNACION (CD_DESIG,NB_DESIG,NB_DESIG_ENG,ID_GRUPO,ID_SUBGRUPO,ID_CLASIF_ENP) values ('ES05','Reserva Natural de Fauna Salvaje','Nature Reserve (Wildlife)','1','1','2');
Insert into DBA_IEPNB_TRAG.TIEP_LC_DESIGNACION (CD_DESIG,NB_DESIG,NB_DESIG_ENG,ID_GRUPO,ID_SUBGRUPO,ID_CLASIF_ENP) values ('ES06','Reserva Natural Parcial','Nature Reserve (Parcial)','1','1','2');
Insert into DBA_IEPNB_TRAG.TIEP_LC_DESIGNACION (CD_DESIG,NB_DESIG,NB_DESIG_ENG,ID_GRUPO,ID_SUBGRUPO,ID_CLASIF_ENP) values ('ES07','Reserva Natural Integral','Nature Reserve (Integral)','1','1','2');
Insert into DBA_IEPNB_TRAG.TIEP_LC_DESIGNACION (CD_DESIG,NB_DESIG,NB_DESIG_ENG,ID_GRUPO,ID_SUBGRUPO,ID_CLASIF_ENP) values ('ES08','Parque Nacional','Nacional Park','1','1','1');
Insert into DBA_IEPNB_TRAG.TIEP_LC_DESIGNACION (CD_DESIG,NB_DESIG,NB_DESIG_ENG,ID_GRUPO,ID_SUBGRUPO,ID_CLASIF_ENP) values ('ES09','Parque Periurbano','Periurban Protected Area','1','1','1');
Insert into DBA_IEPNB_TRAG.TIEP_LC_DESIGNACION (CD_DESIG,NB_DESIG,NB_DESIG_ENG,ID_GRUPO,ID_SUBGRUPO,ID_CLASIF_ENP) values ('ES10','Parque Natural','Natural Park','1','1','1');
Insert into DBA_IEPNB_TRAG.TIEP_LC_DESIGNACION (CD_DESIG,NB_DESIG,NB_DESIG_ENG,ID_GRUPO,ID_SUBGRUPO,ID_CLASIF_ENP) values ('ES11','Parque Regional','Regional Park','1','1','1');
Insert into DBA_IEPNB_TRAG.TIEP_LC_DESIGNACION (CD_DESIG,NB_DESIG,NB_DESIG_ENG,ID_GRUPO,ID_SUBGRUPO,ID_CLASIF_ENP) values ('ES12','Parque Periurbano de Conservación y Ocio','Periurban Park','1','1','1');
Insert into DBA_IEPNB_TRAG.TIEP_LC_DESIGNACION (CD_DESIG,NB_DESIG,NB_DESIG_ENG,ID_GRUPO,ID_SUBGRUPO,ID_CLASIF_ENP) values ('ES13','Paraje Natural','Nature Place','1','1',null);
Insert into DBA_IEPNB_TRAG.TIEP_LC_DESIGNACION (CD_DESIG,NB_DESIG,NB_DESIG_ENG,ID_GRUPO,ID_SUBGRUPO,ID_CLASIF_ENP) values ('ES14','Paraje Natural de Interés Nacional','Nature Place (National Interest)','1','1',null);
Insert into DBA_IEPNB_TRAG.TIEP_LC_DESIGNACION (CD_DESIG,NB_DESIG,NB_DESIG_ENG,ID_GRUPO,ID_SUBGRUPO,ID_CLASIF_ENP) values ('ES15','Paraje Natural Municipal','Nature Place (Local Interest)','1','1',null);
Insert into DBA_IEPNB_TRAG.TIEP_LC_DESIGNACION (CD_DESIG,NB_DESIG,NB_DESIG_ENG,ID_GRUPO,ID_SUBGRUPO,ID_CLASIF_ENP) values ('ES16','Sitio Natural de Interés Nacional','Site of national interest','1','1',null);
Insert into DBA_IEPNB_TRAG.TIEP_LC_DESIGNACION (CD_DESIG,NB_DESIG,NB_DESIG_ENG,ID_GRUPO,ID_SUBGRUPO,ID_CLASIF_ENP) values ('ES17','Lugar de Interés Científico','Site of scientific interest','1','1',null);
Insert into DBA_IEPNB_TRAG.TIEP_LC_DESIGNACION (CD_DESIG,NB_DESIG,NB_DESIG_ENG,ID_GRUPO,ID_SUBGRUPO,ID_CLASIF_ENP) values ('ES18','Enclave Natural','Nature enclave','1','1','4');
Insert into DBA_IEPNB_TRAG.TIEP_LC_DESIGNACION (CD_DESIG,NB_DESIG,NB_DESIG_ENG,ID_GRUPO,ID_SUBGRUPO,ID_CLASIF_ENP) values ('ES19','Monumento Natural','Natural Monument','1','1','4');
Insert into DBA_IEPNB_TRAG.TIEP_LC_DESIGNACION (CD_DESIG,NB_DESIG,NB_DESIG_ENG,ID_GRUPO,ID_SUBGRUPO,ID_CLASIF_ENP) values ('ES20','Monumento Natural de Interés Nacional','Natural Monument (National Interest)','1','1','4');
Insert into DBA_IEPNB_TRAG.TIEP_LC_DESIGNACION (CD_DESIG,NB_DESIG,NB_DESIG_ENG,ID_GRUPO,ID_SUBGRUPO,ID_CLASIF_ENP) values ('ES21','Árbol Singular','Singular tree','1','1','4');
Insert into DBA_IEPNB_TRAG.TIEP_LC_DESIGNACION (CD_DESIG,NB_DESIG,NB_DESIG_ENG,ID_GRUPO,ID_SUBGRUPO,ID_CLASIF_ENP) values ('ES24','Área Natural Recreativa','Natural Area (recreational)','1','1',null);
Insert into DBA_IEPNB_TRAG.TIEP_LC_DESIGNACION (CD_DESIG,NB_DESIG,NB_DESIG_ENG,ID_GRUPO,ID_SUBGRUPO,ID_CLASIF_ENP) values ('ES25','Paraje Pintoresco','Nature Place (picturesque)','1','1',null);
Insert into DBA_IEPNB_TRAG.TIEP_LC_DESIGNACION (CD_DESIG,NB_DESIG,NB_DESIG_ENG,ID_GRUPO,ID_SUBGRUPO,ID_CLASIF_ENP) values ('ES30','Reserva Natural Concertada','Nature Reserve','1','1','2');
Insert into DBA_IEPNB_TRAG.TIEP_LC_DESIGNACION (CD_DESIG,NB_DESIG,NB_DESIG_ENG,ID_GRUPO,ID_SUBGRUPO,ID_CLASIF_ENP) values ('ES31','Reserva Natural Dirigida','Nature Reserve (Management)','1','1','2');
Insert into DBA_IEPNB_TRAG.TIEP_LC_DESIGNACION (CD_DESIG,NB_DESIG,NB_DESIG_ENG,ID_GRUPO,ID_SUBGRUPO,ID_CLASIF_ENP) values ('ES32','Microrreserva','Microreserve','1','1','2');
Insert into DBA_IEPNB_TRAG.TIEP_LC_DESIGNACION (CD_DESIG,NB_DESIG,NB_DESIG_ENG,ID_GRUPO,ID_SUBGRUPO,ID_CLASIF_ENP) values ('ES33','Reserva de la Biosfera','Biosphere Reserve','1','1','2');
Insert into DBA_IEPNB_TRAG.TIEP_LC_DESIGNACION (CD_DESIG,NB_DESIG,NB_DESIG_ENG,ID_GRUPO,ID_SUBGRUPO,ID_CLASIF_ENP) values ('ES34','Humedal Protegido','Protected Wetland','1','1',null);
Insert into DBA_IEPNB_TRAG.TIEP_LC_DESIGNACION (CD_DESIG,NB_DESIG,NB_DESIG_ENG,ID_GRUPO,ID_SUBGRUPO,ID_CLASIF_ENP) values ('ES40','Área Natural Singular','Natural Area (singular)','1','1',null);
Insert into DBA_IEPNB_TRAG.TIEP_LC_DESIGNACION (CD_DESIG,NB_DESIG,NB_DESIG_ENG,ID_GRUPO,ID_SUBGRUPO,ID_CLASIF_ENP) values ('ES43','Plan Especial de Protección (PEIN)','Protection Plan','1','1',null);
Insert into DBA_IEPNB_TRAG.TIEP_LC_DESIGNACION (CD_DESIG,NB_DESIG,NB_DESIG_ENG,ID_GRUPO,ID_SUBGRUPO,ID_CLASIF_ENP) values ('ES44','Reserva de Fauna','Wild Fauna Reserve','1','1','2');
Insert into DBA_IEPNB_TRAG.TIEP_LC_DESIGNACION (CD_DESIG,NB_DESIG,NB_DESIG_ENG,ID_GRUPO,ID_SUBGRUPO,ID_CLASIF_ENP) values ('ES45','Sitio de Interés','Natural Site','1','1',null);
Insert into DBA_IEPNB_TRAG.TIEP_LC_DESIGNACION (CD_DESIG,NB_DESIG,NB_DESIG_ENG,ID_GRUPO,ID_SUBGRUPO,ID_CLASIF_ENP) values ('ES46','Zona de Especial Conservación de Importancia Comunitaria','Special Areas of Conservation (SAC)','1','1',null);
Insert into DBA_IEPNB_TRAG.TIEP_LC_DESIGNACION (CD_DESIG,NB_DESIG,NB_DESIG_ENG,ID_GRUPO,ID_SUBGRUPO,ID_CLASIF_ENP) values ('ES47','Zona de Interes Regional','Area of regional interest','1','1',null);
Insert into DBA_IEPNB_TRAG.TIEP_LC_DESIGNACION (CD_DESIG,NB_DESIG,NB_DESIG_ENG,ID_GRUPO,ID_SUBGRUPO,ID_CLASIF_ENP) values ('ES48','Zona de la Red Ecológica Europea Natura 2000','Special Areas of Conservation (SAC)','1','1',null);
Insert into DBA_IEPNB_TRAG.TIEP_LC_DESIGNACION (CD_DESIG,NB_DESIG,NB_DESIG_ENG,ID_GRUPO,ID_SUBGRUPO,ID_CLASIF_ENP) values ('ES49','Zona de Importancia Comunitaria ZIC (ZEPA/ZEC)','Natura 2000','1','1',null);
Insert into DBA_IEPNB_TRAG.TIEP_LC_DESIGNACION (CD_DESIG,NB_DESIG,NB_DESIG_ENG,ID_GRUPO,ID_SUBGRUPO,ID_CLASIF_ENP) values ('ES50','Zonas Húmedas','Wetland Site','1','1',null);
Insert into DBA_IEPNB_TRAG.TIEP_LC_DESIGNACION (CD_DESIG,NB_DESIG,NB_DESIG_ENG,ID_GRUPO,ID_SUBGRUPO,ID_CLASIF_ENP) values ('ES51','Cuevas','Cave','1','1','4');
Insert into DBA_IEPNB_TRAG.TIEP_LC_DESIGNACION (CD_DESIG,NB_DESIG,NB_DESIG_ENG,ID_GRUPO,ID_SUBGRUPO,ID_CLASIF_ENP) values ('ES52','Corredores Ecoculturales','Ecocultural corridor','1','1',null);
Insert into DBA_IEPNB_TRAG.TIEP_LC_DESIGNACION (CD_DESIG,NB_DESIG,NB_DESIG_ENG,ID_GRUPO,ID_SUBGRUPO,ID_CLASIF_ENP) values ('ES53','Área Privada de Interés Ecológico','Private Area (Ecological interest)','1','1',null);
Insert into DBA_IEPNB_TRAG.TIEP_LC_DESIGNACION (CD_DESIG,NB_DESIG,NB_DESIG_ENG,ID_GRUPO,ID_SUBGRUPO,ID_CLASIF_ENP) values ('ES88','Reservas Marinas','Marine Reserve','1','1','3');
Insert into DBA_IEPNB_TRAG.TIEP_LC_DESIGNACION (CD_DESIG,NB_DESIG,NB_DESIG_ENG,ID_GRUPO,ID_SUBGRUPO,ID_CLASIF_ENP) values ('ES89','Reserva Natural Marina','Nature Reserve (Marine)','1','1','3');
Insert into DBA_IEPNB_TRAG.TIEP_LC_DESIGNACION (CD_DESIG,NB_DESIG,NB_DESIG_ENG,ID_GRUPO,ID_SUBGRUPO,ID_CLASIF_ENP) values ('ES90','Biotopo Protegido','Protected Biotop','1','1',null);
Insert into DBA_IEPNB_TRAG.TIEP_LC_DESIGNACION (CD_DESIG,NB_DESIG,NB_DESIG_ENG,ID_GRUPO,ID_SUBGRUPO,ID_CLASIF_ENP) values ('ES91','Reserva Fluvial','Fluvial Reserve','1','1','2');
Insert into DBA_IEPNB_TRAG.TIEP_LC_DESIGNACION (CD_DESIG,NB_DESIG,NB_DESIG_ENG,ID_GRUPO,ID_SUBGRUPO,ID_CLASIF_ENP) values ('ES92','Parque Rural','Rural Park','1','1','1');
Insert into DBA_IEPNB_TRAG.TIEP_LC_DESIGNACION (CD_DESIG,NB_DESIG,NB_DESIG_ENG,ID_GRUPO,ID_SUBGRUPO,ID_CLASIF_ENP) values ('ES93','Sitio de Interés Científico','Site of scientific interest','1','1',null);
Insert into DBA_IEPNB_TRAG.TIEP_LC_DESIGNACION (CD_DESIG,NB_DESIG,NB_DESIG_ENG,ID_GRUPO,ID_SUBGRUPO,ID_CLASIF_ENP) values ('ES94','Paisaje Protegido','Protected Landscape','1','1','5');
Insert into DBA_IEPNB_TRAG.TIEP_LC_DESIGNACION (CD_DESIG,NB_DESIG,NB_DESIG_ENG,ID_GRUPO,ID_SUBGRUPO,ID_CLASIF_ENP) values ('ES95','Zona Especial de Conservación','Special Areas of Conservation (SAC)','1','1',null);
Insert into DBA_IEPNB_TRAG.TIEP_LC_DESIGNACION (CD_DESIG,NB_DESIG,NB_DESIG_ENG,ID_GRUPO,ID_SUBGRUPO,ID_CLASIF_ENP) values ('ES96','Zona de Especial Protección de los Valores Naturales','Special Areas of Conservation (SAC)','1','1',null);
Insert into DBA_IEPNB_TRAG.TIEP_LC_DESIGNACION (CD_DESIG,NB_DESIG,NB_DESIG_ENG,ID_GRUPO,ID_SUBGRUPO,ID_CLASIF_ENP) values ('ES97','Corredor Ecológico y de Biodiversidad','Ecological corridor','1','1',null);
Insert into DBA_IEPNB_TRAG.TIEP_LC_DESIGNACION (CD_DESIG,NB_DESIG,NB_DESIG_ENG,ID_GRUPO,ID_SUBGRUPO,ID_CLASIF_ENP) values ('ES98','Refugio de Fauna','Animal Refuge','1','1',null);
Insert into DBA_IEPNB_TRAG.TIEP_LC_DESIGNACION (CD_DESIG,NB_DESIG,NB_DESIG_ENG,ID_GRUPO,ID_SUBGRUPO,ID_CLASIF_ENP) values ('ES99','Otros','Others','1','1',null);
REM INSERTING into DBA_IEPNB_TRAG.TIEP_LC_DECLARINTERNACIONAL
SET DEFINE OFF;
REM INSERTING into DBA_IEPNB_TRAG.TIEP_LC_CLASIFENP
SET DEFINE OFF;
Insert into DBA_IEPNB_TRAG.TIEP_LC_CLASIFENP (ID_CLASIF_ENP,NB_CLASIF_ENP) values ('1','Parques');
Insert into DBA_IEPNB_TRAG.TIEP_LC_CLASIFENP (ID_CLASIF_ENP,NB_CLASIF_ENP) values ('2','Reservas Naturales');
Insert into DBA_IEPNB_TRAG.TIEP_LC_CLASIFENP (ID_CLASIF_ENP,NB_CLASIF_ENP) values ('3','Áreas Marinas Protegidas');
Insert into DBA_IEPNB_TRAG.TIEP_LC_CLASIFENP (ID_CLASIF_ENP,NB_CLASIF_ENP) values ('4','Monumentos Naturales');
Insert into DBA_IEPNB_TRAG.TIEP_LC_CLASIFENP (ID_CLASIF_ENP,NB_CLASIF_ENP) values ('5','Paisajes Protegidos');
--------------------------------------------------------
--  DDL for Index PK_TIEP_LOCALIZACION
--------------------------------------------------------

  CREATE UNIQUE INDEX "DBA_IEPNB_TRAG"."PK_TIEP_LOCALIZACION" ON "DBA_IEPNB_TRAG"."TIEP_LOCALIZACION" ("ID_IEP") 
  PCTFREE 10 INITRANS 2 MAXTRANS 255 COMPUTE STATISTICS 
  STORAGE(INITIAL 65536 NEXT 1048576 MINEXTENTS 1 MAXEXTENTS 2147483645
  PCTINCREASE 0 FREELISTS 1 FREELIST GROUPS 1
  BUFFER_POOL DEFAULT FLASH_CACHE DEFAULT CELL_FLASH_CACHE DEFAULT)
  TABLESPACE "DBA_IEPNB_T_80K_1" ;
--------------------------------------------------------
--  DDL for Index PK_TIEP_LC_TIPOGOBIERNO
--------------------------------------------------------

  CREATE UNIQUE INDEX "DBA_IEPNB_TRAG"."PK_TIEP_LC_TIPOGOBIERNO" ON "DBA_IEPNB_TRAG"."TIEP_LC_TIPOGOBIERNO" ("ID_GOB_TYPE") 
  PCTFREE 10 INITRANS 2 MAXTRANS 255 COMPUTE STATISTICS 
  STORAGE(INITIAL 65536 NEXT 1048576 MINEXTENTS 1 MAXEXTENTS 2147483645
  PCTINCREASE 0 FREELISTS 1 FREELIST GROUPS 1
  BUFFER_POOL DEFAULT FLASH_CACHE DEFAULT CELL_FLASH_CACHE DEFAULT)
  TABLESPACE "DBA_IEPNB_T_80K_1" ;
--------------------------------------------------------
--  DDL for Index TIEP_LC_TIPOPROPIEDAD
--------------------------------------------------------

  CREATE UNIQUE INDEX "DBA_IEPNB_TRAG"."TIEP_LC_TIPOPROPIEDAD" ON "DBA_IEPNB_TRAG"."TIEP_LC_TIPOPROPIEDAD" ("ID_OWN_TYPE") 
  PCTFREE 10 INITRANS 2 MAXTRANS 255 COMPUTE STATISTICS 
  STORAGE(INITIAL 65536 NEXT 1048576 MINEXTENTS 1 MAXEXTENTS 2147483645
  PCTINCREASE 0 FREELISTS 1 FREELIST GROUPS 1
  BUFFER_POOL DEFAULT FLASH_CACHE DEFAULT CELL_FLASH_CACHE DEFAULT)
  TABLESPACE "DBA_IEPNB_T_80K_1" ;
--------------------------------------------------------
--  DDL for Index PK_TIEP_LC_TIPOCAMBIO
--------------------------------------------------------

  CREATE UNIQUE INDEX "DBA_IEPNB_TRAG"."PK_TIEP_LC_TIPOCAMBIO" ON "DBA_IEPNB_TRAG"."TIEP_LC_TIPOCAMBIO" ("ID_CAMBIO") 
  PCTFREE 10 INITRANS 2 MAXTRANS 255 COMPUTE STATISTICS 
  STORAGE(INITIAL 65536 NEXT 1048576 MINEXTENTS 1 MAXEXTENTS 2147483645
  PCTINCREASE 0 FREELISTS 1 FREELIST GROUPS 1
  BUFFER_POOL DEFAULT FLASH_CACHE DEFAULT CELL_FLASH_CACHE DEFAULT)
  TABLESPACE "DBA_IEPNB_T_80K_1" ;
--------------------------------------------------------
--  DDL for Index PK_TIEP_LC_SUBGRUPO
--------------------------------------------------------

  CREATE UNIQUE INDEX "DBA_IEPNB_TRAG"."PK_TIEP_LC_SUBGRUPO" ON "DBA_IEPNB_TRAG"."TIEP_LC_SUBGRUPO" ("ID_SUBGRUPO") 
  PCTFREE 10 INITRANS 2 MAXTRANS 255 COMPUTE STATISTICS 
  STORAGE(INITIAL 65536 NEXT 1048576 MINEXTENTS 1 MAXEXTENTS 2147483645
  PCTINCREASE 0 FREELISTS 1 FREELIST GROUPS 1
  BUFFER_POOL DEFAULT FLASH_CACHE DEFAULT CELL_FLASH_CACHE DEFAULT)
  TABLESPACE "DBA_IEPNB_T_80K_1" ;
--------------------------------------------------------
--  DDL for Index PK_TIEP_LC_MOTIVACION
--------------------------------------------------------

  CREATE UNIQUE INDEX "DBA_IEPNB_TRAG"."PK_TIEP_LC_MOTIVACION" ON "DBA_IEPNB_TRAG"."TIEP_LC_MOTIVACION" ("ID_MOTIV") 
  PCTFREE 10 INITRANS 2 MAXTRANS 255 COMPUTE STATISTICS 
  TABLESPACE "DBA_IEPNB_T_80K_1" ;
--------------------------------------------------------
--  DDL for Index PK_TIEP_LC_LUGARIMPACTO
--------------------------------------------------------

  CREATE UNIQUE INDEX "DBA_IEPNB_TRAG"."PK_TIEP_LC_LUGARIMPACTO" ON "DBA_IEPNB_TRAG"."TIEP_LC_LUGARIMPACTO" ("ID_LUGAR_IMPACTO") 
  PCTFREE 10 INITRANS 2 MAXTRANS 255 COMPUTE STATISTICS 
  STORAGE(INITIAL 65536 NEXT 1048576 MINEXTENTS 1 MAXEXTENTS 2147483645
  PCTINCREASE 0 FREELISTS 1 FREELIST GROUPS 1
  BUFFER_POOL DEFAULT FLASH_CACHE DEFAULT CELL_FLASH_CACHE DEFAULT)
  TABLESPACE "DBA_IEPNB_T_80K_1" ;
--------------------------------------------------------
--  DDL for Index PK_TIEP_LC_INTENSIDADIMPACTO
--------------------------------------------------------

  CREATE UNIQUE INDEX "DBA_IEPNB_TRAG"."PK_TIEP_LC_INTENSIDADIMPACTO" ON "DBA_IEPNB_TRAG"."TIEP_LC_INTENSIDADIMPACTO" ("ID_INTENS_IMPACTO") 
  PCTFREE 10 INITRANS 2 MAXTRANS 255 COMPUTE STATISTICS 
  STORAGE(INITIAL 65536 NEXT 1048576 MINEXTENTS 1 MAXEXTENTS 2147483645
  PCTINCREASE 0 FREELISTS 1 FREELIST GROUPS 1
  BUFFER_POOL DEFAULT FLASH_CACHE DEFAULT CELL_FLASH_CACHE DEFAULT)
  TABLESPACE "DBA_IEPNB_T_80K_1" ;
--------------------------------------------------------
--  DDL for Index PK_TIEP_LC_IMPORTANCIAIMPACTO
--------------------------------------------------------

  CREATE UNIQUE INDEX "DBA_IEPNB_TRAG"."PK_TIEP_LC_IMPORTANCIAIMPACTO" ON "DBA_IEPNB_TRAG"."TIEP_LC_IMPORTANCIAIMPACTO" ("ID_IMPORT_IMPACTO") 
  PCTFREE 10 INITRANS 2 MAXTRANS 255 COMPUTE STATISTICS 
  STORAGE(INITIAL 65536 NEXT 1048576 MINEXTENTS 1 MAXEXTENTS 2147483645
  PCTINCREASE 0 FREELISTS 1 FREELIST GROUPS 1
  BUFFER_POOL DEFAULT FLASH_CACHE DEFAULT CELL_FLASH_CACHE DEFAULT)
  TABLESPACE "DBA_IEPNB_T_80K_1" ;
--------------------------------------------------------
--  DDL for Index PK_TIEP_LC_GRUPO
--------------------------------------------------------

  CREATE UNIQUE INDEX "DBA_IEPNB_TRAG"."PK_TIEP_LC_GRUPO" ON "DBA_IEPNB_TRAG"."TIEP_LC_GRUPO" ("ID_GRUPO") 
  PCTFREE 10 INITRANS 2 MAXTRANS 255 COMPUTE STATISTICS 
  STORAGE(INITIAL 65536 NEXT 1048576 MINEXTENTS 1 MAXEXTENTS 2147483645
  PCTINCREASE 0 FREELISTS 1 FREELIST GROUPS 1
  BUFFER_POOL DEFAULT FLASH_CACHE DEFAULT CELL_FLASH_CACHE DEFAULT)
  TABLESPACE "DBA_IEPNB_T_80K_1" ;
--------------------------------------------------------
--  DDL for Index PK_TIEP_LC_DESIGNACION
--------------------------------------------------------

  CREATE UNIQUE INDEX "DBA_IEPNB_TRAG"."PK_TIEP_LC_DESIGNACION" ON "DBA_IEPNB_TRAG"."TIEP_LC_DESIGNACION" ("CD_DESIG") 
  PCTFREE 10 INITRANS 2 MAXTRANS 255 COMPUTE STATISTICS 
  STORAGE(INITIAL 65536 NEXT 1048576 MINEXTENTS 1 MAXEXTENTS 2147483645
  PCTINCREASE 0 FREELISTS 1 FREELIST GROUPS 1
  BUFFER_POOL DEFAULT FLASH_CACHE DEFAULT CELL_FLASH_CACHE DEFAULT)
  TABLESPACE "DBA_IEPNB_T_80K_1" ;
--------------------------------------------------------
--  DDL for Index PK_TIEP_LC_DECLARINTERNAL
--------------------------------------------------------

  CREATE UNIQUE INDEX "DBA_IEPNB_TRAG"."PK_TIEP_LC_DECLARINTERNAL" ON "DBA_IEPNB_TRAG"."TIEP_LC_DECLARINTERNACIONAL" ("ID_DECLAR_INTERNAL") 
  PCTFREE 10 INITRANS 2 MAXTRANS 255 COMPUTE STATISTICS 
  TABLESPACE "DBA_IEPNB_T_80K_1" ;
--------------------------------------------------------
--  DDL for Index PK_TIEP_LC_CLASIFENP
--------------------------------------------------------

  CREATE UNIQUE INDEX "DBA_IEPNB_TRAG"."PK_TIEP_LC_CLASIFENP" ON "DBA_IEPNB_TRAG"."TIEP_LC_CLASIFENP" ("ID_CLASIF_ENP") 
  PCTFREE 10 INITRANS 2 MAXTRANS 255 COMPUTE STATISTICS 
  STORAGE(INITIAL 65536 NEXT 1048576 MINEXTENTS 1 MAXEXTENTS 2147483645
  PCTINCREASE 0 FREELISTS 1 FREELIST GROUPS 1
  BUFFER_POOL DEFAULT FLASH_CACHE DEFAULT CELL_FLASH_CACHE DEFAULT)
  TABLESPACE "DBA_IEPNB_T_80K_1" ;
--------------------------------------------------------
--  Constraints for Table TIEP_LOCALIZACION
--------------------------------------------------------

  ALTER TABLE "DBA_IEPNB_TRAG"."TIEP_LOCALIZACION" ADD CONSTRAINT "PK_TIEP_LOCALIZACION" PRIMARY KEY ("ID_IEP")
  USING INDEX PCTFREE 10 INITRANS 2 MAXTRANS 255 COMPUTE STATISTICS 
  STORAGE(INITIAL 65536 NEXT 1048576 MINEXTENTS 1 MAXEXTENTS 2147483645
  PCTINCREASE 0 FREELISTS 1 FREELIST GROUPS 1
  BUFFER_POOL DEFAULT FLASH_CACHE DEFAULT CELL_FLASH_CACHE DEFAULT)
  TABLESPACE "DBA_IEPNB_T_80K_1"  ENABLE;
  ALTER TABLE "DBA_IEPNB_TRAG"."TIEP_LOCALIZACION" MODIFY ("ID_IEP" NOT NULL ENABLE);
--------------------------------------------------------
--  Constraints for Table TIEP_LC_TIPOGOBIERNO
--------------------------------------------------------

  ALTER TABLE "DBA_IEPNB_TRAG"."TIEP_LC_TIPOGOBIERNO" ADD CONSTRAINT "PK_TIEP_LC_TIPOGOBIERNO" PRIMARY KEY ("ID_GOB_TYPE")
  USING INDEX PCTFREE 10 INITRANS 2 MAXTRANS 255 COMPUTE STATISTICS 
  STORAGE(INITIAL 65536 NEXT 1048576 MINEXTENTS 1 MAXEXTENTS 2147483645
  PCTINCREASE 0 FREELISTS 1 FREELIST GROUPS 1
  BUFFER_POOL DEFAULT FLASH_CACHE DEFAULT CELL_FLASH_CACHE DEFAULT)
  TABLESPACE "DBA_IEPNB_T_80K_1"  ENABLE;
  ALTER TABLE "DBA_IEPNB_TRAG"."TIEP_LC_TIPOGOBIERNO" MODIFY ("ID_GOB_TYPE" NOT NULL ENABLE);
--------------------------------------------------------
--  Constraints for Table TIEP_LC_TIPOPROPIEDAD
--------------------------------------------------------

  ALTER TABLE "DBA_IEPNB_TRAG"."TIEP_LC_TIPOPROPIEDAD" ADD CONSTRAINT "TIEP_LC_TIPOPROPIEDAD" PRIMARY KEY ("ID_OWN_TYPE")
  USING INDEX PCTFREE 10 INITRANS 2 MAXTRANS 255 COMPUTE STATISTICS 
  STORAGE(INITIAL 65536 NEXT 1048576 MINEXTENTS 1 MAXEXTENTS 2147483645
  PCTINCREASE 0 FREELISTS 1 FREELIST GROUPS 1
  BUFFER_POOL DEFAULT FLASH_CACHE DEFAULT CELL_FLASH_CACHE DEFAULT)
  TABLESPACE "DBA_IEPNB_T_80K_1"  ENABLE;
  ALTER TABLE "DBA_IEPNB_TRAG"."TIEP_LC_TIPOPROPIEDAD" MODIFY ("ID_OWN_TYPE" NOT NULL ENABLE);
--------------------------------------------------------
--  Constraints for Table TIEP_LC_TIPOCAMBIO
--------------------------------------------------------

  ALTER TABLE "DBA_IEPNB_TRAG"."TIEP_LC_TIPOCAMBIO" ADD CONSTRAINT "PK_TIEP_LC_TIPOCAMBIO" PRIMARY KEY ("ID_CAMBIO")
  USING INDEX PCTFREE 10 INITRANS 2 MAXTRANS 255 COMPUTE STATISTICS 
  STORAGE(INITIAL 65536 NEXT 1048576 MINEXTENTS 1 MAXEXTENTS 2147483645
  PCTINCREASE 0 FREELISTS 1 FREELIST GROUPS 1
  BUFFER_POOL DEFAULT FLASH_CACHE DEFAULT CELL_FLASH_CACHE DEFAULT)
  TABLESPACE "DBA_IEPNB_T_80K_1"  ENABLE;
  ALTER TABLE "DBA_IEPNB_TRAG"."TIEP_LC_TIPOCAMBIO" MODIFY ("ID_CAMBIO" NOT NULL ENABLE);
--------------------------------------------------------
--  Constraints for Table TIEP_LC_SUBGRUPO
--------------------------------------------------------

  ALTER TABLE "DBA_IEPNB_TRAG"."TIEP_LC_SUBGRUPO" ADD CONSTRAINT "PK_TIEP_LC_SUBGRUPO" PRIMARY KEY ("ID_SUBGRUPO")
  USING INDEX PCTFREE 10 INITRANS 2 MAXTRANS 255 COMPUTE STATISTICS 
  STORAGE(INITIAL 65536 NEXT 1048576 MINEXTENTS 1 MAXEXTENTS 2147483645
  PCTINCREASE 0 FREELISTS 1 FREELIST GROUPS 1
  BUFFER_POOL DEFAULT FLASH_CACHE DEFAULT CELL_FLASH_CACHE DEFAULT)
  TABLESPACE "DBA_IEPNB_T_80K_1"  ENABLE;
  ALTER TABLE "DBA_IEPNB_TRAG"."TIEP_LC_SUBGRUPO" MODIFY ("ID_SUBGRUPO" NOT NULL ENABLE);
--------------------------------------------------------
--  Constraints for Table TIEP_LC_MOTIVACION
--------------------------------------------------------

  ALTER TABLE "DBA_IEPNB_TRAG"."TIEP_LC_MOTIVACION" ADD CONSTRAINT "PK_TIEP_LC_MOTIVACION" PRIMARY KEY ("ID_MOTIV")
  USING INDEX PCTFREE 10 INITRANS 2 MAXTRANS 255 COMPUTE STATISTICS 
  TABLESPACE "DBA_IEPNB_T_80K_1"  ENABLE;
  ALTER TABLE "DBA_IEPNB_TRAG"."TIEP_LC_MOTIVACION" MODIFY ("ID_MOTIV" NOT NULL ENABLE);
--------------------------------------------------------
--  Constraints for Table TIEP_LC_LUGARIMPACTO
--------------------------------------------------------

  ALTER TABLE "DBA_IEPNB_TRAG"."TIEP_LC_LUGARIMPACTO" ADD CONSTRAINT "PK_TIEP_LC_LUGARIMPACTO" PRIMARY KEY ("ID_LUGAR_IMPACTO")
  USING INDEX PCTFREE 10 INITRANS 2 MAXTRANS 255 COMPUTE STATISTICS 
  STORAGE(INITIAL 65536 NEXT 1048576 MINEXTENTS 1 MAXEXTENTS 2147483645
  PCTINCREASE 0 FREELISTS 1 FREELIST GROUPS 1
  BUFFER_POOL DEFAULT FLASH_CACHE DEFAULT CELL_FLASH_CACHE DEFAULT)
  TABLESPACE "DBA_IEPNB_T_80K_1"  ENABLE;
  ALTER TABLE "DBA_IEPNB_TRAG"."TIEP_LC_LUGARIMPACTO" MODIFY ("ID_LUGAR_IMPACTO" NOT NULL ENABLE);
--------------------------------------------------------
--  Constraints for Table TIEP_LC_INTENSIDADIMPACTO
--------------------------------------------------------

  ALTER TABLE "DBA_IEPNB_TRAG"."TIEP_LC_INTENSIDADIMPACTO" ADD CONSTRAINT "PK_TIEP_LC_INTENSIDADIMPACTO" PRIMARY KEY ("ID_INTENS_IMPACTO")
  USING INDEX PCTFREE 10 INITRANS 2 MAXTRANS 255 COMPUTE STATISTICS 
  STORAGE(INITIAL 65536 NEXT 1048576 MINEXTENTS 1 MAXEXTENTS 2147483645
  PCTINCREASE 0 FREELISTS 1 FREELIST GROUPS 1
  BUFFER_POOL DEFAULT FLASH_CACHE DEFAULT CELL_FLASH_CACHE DEFAULT)
  TABLESPACE "DBA_IEPNB_T_80K_1"  ENABLE;
  ALTER TABLE "DBA_IEPNB_TRAG"."TIEP_LC_INTENSIDADIMPACTO" MODIFY ("ID_INTENS_IMPACTO" NOT NULL ENABLE);
--------------------------------------------------------
--  Constraints for Table TIEP_LC_IMPORTANCIAIMPACTO
--------------------------------------------------------

  ALTER TABLE "DBA_IEPNB_TRAG"."TIEP_LC_IMPORTANCIAIMPACTO" ADD CONSTRAINT "PK_TIEP_LC_IMPORTANCIAIMPACTO" PRIMARY KEY ("ID_IMPORT_IMPACTO")
  USING INDEX PCTFREE 10 INITRANS 2 MAXTRANS 255 COMPUTE STATISTICS 
  STORAGE(INITIAL 65536 NEXT 1048576 MINEXTENTS 1 MAXEXTENTS 2147483645
  PCTINCREASE 0 FREELISTS 1 FREELIST GROUPS 1
  BUFFER_POOL DEFAULT FLASH_CACHE DEFAULT CELL_FLASH_CACHE DEFAULT)
  TABLESPACE "DBA_IEPNB_T_80K_1"  ENABLE;
  ALTER TABLE "DBA_IEPNB_TRAG"."TIEP_LC_IMPORTANCIAIMPACTO" MODIFY ("ID_IMPORT_IMPACTO" NOT NULL ENABLE);
--------------------------------------------------------
--  Constraints for Table TIEP_LC_GRUPO
--------------------------------------------------------

  ALTER TABLE "DBA_IEPNB_TRAG"."TIEP_LC_GRUPO" ADD CONSTRAINT "PK_TIEP_LC_GRUPO" PRIMARY KEY ("ID_GRUPO")
  USING INDEX PCTFREE 10 INITRANS 2 MAXTRANS 255 COMPUTE STATISTICS 
  STORAGE(INITIAL 65536 NEXT 1048576 MINEXTENTS 1 MAXEXTENTS 2147483645
  PCTINCREASE 0 FREELISTS 1 FREELIST GROUPS 1
  BUFFER_POOL DEFAULT FLASH_CACHE DEFAULT CELL_FLASH_CACHE DEFAULT)
  TABLESPACE "DBA_IEPNB_T_80K_1"  ENABLE;
  ALTER TABLE "DBA_IEPNB_TRAG"."TIEP_LC_GRUPO" MODIFY ("ID_GRUPO" NOT NULL ENABLE);
--------------------------------------------------------
--  Constraints for Table TIEP_LC_DESIGNACION
--------------------------------------------------------

  ALTER TABLE "DBA_IEPNB_TRAG"."TIEP_LC_DESIGNACION" ADD CONSTRAINT "PK_TIEP_LC_DESIGNACION" PRIMARY KEY ("CD_DESIG")
  USING INDEX PCTFREE 10 INITRANS 2 MAXTRANS 255 COMPUTE STATISTICS 
  STORAGE(INITIAL 65536 NEXT 1048576 MINEXTENTS 1 MAXEXTENTS 2147483645
  PCTINCREASE 0 FREELISTS 1 FREELIST GROUPS 1
  BUFFER_POOL DEFAULT FLASH_CACHE DEFAULT CELL_FLASH_CACHE DEFAULT)
  TABLESPACE "DBA_IEPNB_T_80K_1"  ENABLE;
  ALTER TABLE "DBA_IEPNB_TRAG"."TIEP_LC_DESIGNACION" MODIFY ("CD_DESIG" NOT NULL ENABLE);
--------------------------------------------------------
--  Constraints for Table TIEP_LC_DECLARINTERNACIONAL
--------------------------------------------------------

  ALTER TABLE "DBA_IEPNB_TRAG"."TIEP_LC_DECLARINTERNACIONAL" ADD CONSTRAINT "PK_TIEP_LC_DECLARINTERNAL" PRIMARY KEY ("ID_DECLAR_INTERNAL")
  USING INDEX PCTFREE 10 INITRANS 2 MAXTRANS 255 COMPUTE STATISTICS 
  TABLESPACE "DBA_IEPNB_T_80K_1"  ENABLE;
  ALTER TABLE "DBA_IEPNB_TRAG"."TIEP_LC_DECLARINTERNACIONAL" MODIFY ("ID_DECLAR_INTERNAL" NOT NULL ENABLE);
--------------------------------------------------------
--  Constraints for Table TIEP_LC_CLASIFENP
--------------------------------------------------------

  ALTER TABLE "DBA_IEPNB_TRAG"."TIEP_LC_CLASIFENP" ADD CONSTRAINT "PK_TIEP_LC_CLASIFENP" PRIMARY KEY ("ID_CLASIF_ENP")
  USING INDEX PCTFREE 10 INITRANS 2 MAXTRANS 255 COMPUTE STATISTICS 
  STORAGE(INITIAL 65536 NEXT 1048576 MINEXTENTS 1 MAXEXTENTS 2147483645
  PCTINCREASE 0 FREELISTS 1 FREELIST GROUPS 1
  BUFFER_POOL DEFAULT FLASH_CACHE DEFAULT CELL_FLASH_CACHE DEFAULT)
  TABLESPACE "DBA_IEPNB_T_80K_1"  ENABLE;
  ALTER TABLE "DBA_IEPNB_TRAG"."TIEP_LC_CLASIFENP" MODIFY ("ID_CLASIF_ENP" NOT NULL ENABLE);
